{
    "negative": {
        "precision": 0.746031746031746,
        "recall": 0.3884297520661157,
        "f1-score": 0.5108695652173914,
        "support": 121.0
    },
    "neutral": {
        "precision": 0.7398601398601399,
        "recall": 0.9184027777777778,
        "f1-score": 0.8195197521301317,
        "support": 576.0
    },
    "positive": {
        "precision": 0.6614583333333334,
        "recall": 0.4652014652014652,
        "f1-score": 0.546236559139785,
        "support": 273.0
    },
    "accuracy": 0.7247422680412371,
    "macro avg": {
        "precision": 0.7157834064084064,
        "recall": 0.5906779983484528,
        "f1-score": 0.6255419588291028,
        "support": 970.0
    },
    "weighted avg": {
        "precision": 0.7185643369374038,
        "recall": 0.7247422680412371,
        "f1-score": 0.7041043043952799,
        "support": 970.0
    }
}