{
    "negative": {
        "precision": 0.7647058823529411,
        "recall": 0.9669421487603306,
        "f1-score": 0.8540145985401459,
        "support": 121.0
    },
    "neutral": {
        "precision": 0.9526627218934911,
        "recall": 0.8385416666666666,
        "f1-score": 0.8919667590027701,
        "support": 576.0
    },
    "positive": {
        "precision": 0.7935483870967742,
        "recall": 0.9010989010989011,
        "f1-score": 0.8439108061749572,
        "support": 273.0
    },
    "accuracy": 0.8721649484536083,
    "macro avg": {
        "precision": 0.8369723304477356,
        "recall": 0.902194238841966,
        "f1-score": 0.8632973879059578,
        "support": 970.0
    },
    "weighted avg": {
        "precision": 0.8844348961368825,
        "recall": 0.8721649484536083,
        "f1-score": 0.8737074945306357,
        "support": 970.0
    }
}